"";"Chr";"Start";"End";"Ref";"Alt"
"1";"chr13";32903685;32903685;"C";"T"
"2";"chr13";32907182;32907182;"C";"T"
"3";"chr13";32907209;32907209;"G";"A"
"4";"chr13";32910328;32910328;"T";"C"
"5";"chr13";32910950;32910950;"G";"A"
"6";"chr13";32911675;32911675;"G";"A"
"7";"chr13";32914059;32914059;"A";"G"
"8";"chr13";32915411;32915414;"AATT";"-"
"9";"chr13";32929367;32929367;"A";"G"
"10";"chr13";32953388;32953388;"T";"C"
"11";"chr13";32971067;32971067;"C";"T"
"12";"chr17";41243809;41243809;"C";"-"
"13";"chr17";41251831;41251831;"G";"A"
"14";"chr17";41256339;41256339;"C";"T"
